Wall time,Step,Value
1552688961.892095,10,0.0302162766456604
1552689872.250648,20,0.027549922466278076
1552690780.7952514,30,0.01987510919570923
1552691231.5538795,35,0.01730060577392578
1552692130.556472,45,0.012751281261444092
1552693028.0445309,55,0.007094085216522217
1552693478.1520867,60,0.01164233684539795
1552693925.7363138,65,0.009022295475006104
1552694377.6720092,70,0.005848824977874756
1552694825.5386708,75,0.005345582962036133
1552695276.879252,80,0.007439553737640381
1552695726.7284858,85,0.01590418815612793
1552696176.8005526,90,0.008341968059539795
1552696624.5687926,95,0.006599903106689453
1552697075.2397301,100,0.024675309658050537
1552697522.9839623,105,0.006803452968597412
1552697968.1628218,110,0.004712522029876709
1552698411.4794862,115,0.005555331707000732
1552699304.3504174,125,0.006576180458068848
1552699748.623976,130,0.005494832992553711
1552700649.3486054,140,0.012614309787750244
1552702002.669247,155,0.005650699138641357
1552702454.1366541,160,0.006170332431793213
1552702905.5002584,165,0.005342662334442139
1552703350.795497,170,0.004293560981750488
1552703797.0551877,175,0.00794893503189087
1552704690.558868,185,0.007486879825592041
1552706030.9037173,200,0.008078813552856445
1552706478.3563645,205,0.006210207939147949
1552707373.8538225,215,0.006604671478271484
1552707817.8528411,220,0.006530046463012695
1552708260.7866783,225,0.010679662227630615
1552708697.7798178,230,0.00490182638168335
1552709137.107878,235,0.0041915178298950195
1552709574.459672,240,0.00921398401260376
1552710453.1933227,250,0.004503905773162842
1552710891.709335,255,0.012921035289764404
1552712213.6711333,270,0.0068280696868896484
1552712651.8832695,275,0.006121814250946045
1552713092.3541694,280,0.004931449890136719
1552713531.2989707,285,0.007740020751953125
1552713968.9773157,290,0.004856407642364502
1552715284.5089228,305,0.006441831588745117
1552715724.0265076,310,0.007597863674163818
1552716162.4278595,315,0.005142807960510254
1552716603.2595372,320,0.00611567497253418
1552717039.6734571,325,0.012135982513427734
1552717480.3470852,330,0.007371962070465088
1552717931.29762,335,0.005107462406158447
1552718377.4839878,340,0.005145072937011719
1552718822.5105634,345,0.006276190280914307
1552719269.5805001,350,0.0045244693756103516
1552720155.3961222,360,0.007449805736541748
1552720597.0093043,365,0.0060610175132751465
1552721042.2751143,370,0.007122397422790527
1552721484.2706082,375,0.00690847635269165
1552722362.159817,385,0.004932999610900879
1552722800.6119294,390,0.004481017589569092
1552723241.2809494,395,0.006630659103393555
1552723681.710508,400,0.009320080280303955
1552724562.9641337,410,0.006380021572113037
1552725006.4201436,415,0.0057746171951293945
1552725885.3925884,425,0.006340324878692627
1552726325.262423,430,0.005413055419921875
1552726767.4713552,435,0.005439937114715576
1552727207.0564418,440,0.0038881301879882812
1552727647.8757892,445,0.006548464298248291
1552728085.4612894,450,0.015155196189880371
1552728965.5790393,460,0.010904908180236816
1552729407.692274,465,0.009288489818572998
1552729848.0804944,470,0.004977583885192871
1552730288.5396469,475,0.0051863789558410645
1552731169.9594383,485,0.0056899189949035645
1552732488.702138,500,0.005227506160736084
1552732928.8302126,505,0.010726690292358398
1552733366.3097906,510,0.005405128002166748
1552733807.731263,515,0.005105495452880859
1552734249.963006,520,0.007088005542755127
1552734690.2118611,525,0.005824089050292969
1552735132.3711832,530,0.007556140422821045
1552735570.1694102,535,0.0053237080574035645
1552736897.1951954,550,0.008142709732055664
1552737335.9267514,555,0.007638692855834961
1552738644.2587361,570,0.005630195140838623
1552739942.427292,585,0.006556570529937744
1552740376.1591861,590,0.007324278354644775
1552740805.84217,595,0.006005823612213135
1552741239.4342668,600,0.005506396293640137
1552741672.1299589,605,0.004834115505218506
1552742103.7749135,610,0.005240440368652344
1552742968.1800368,620,0.005208373069763184
1552743401.0820153,625,0.004220485687255859
1552743831.1789017,630,0.007513165473937988
1552744263.5809233,635,0.00620192289352417
1552744694.5910459,640,0.007997751235961914
1552745556.2371018,650,0.0064345598220825195
1552745987.7395785,655,0.005318880081176758
1552747287.2205656,670,0.00630265474319458
1552748589.3804936,685,0.004902243614196777
1552749028.2098365,690,0.006120920181274414
1552749894.8312275,700,0.007030963897705078
1552750759.9755902,710,0.005691826343536377
1552751192.4624562,715,0.007904231548309326
1552751635.0529747,720,0.006516814231872559
1552752069.7635841,725,0.006590485572814941
1552752506.6667304,730,0.007372736930847168
1552752942.386941,735,0.007037103176116943
1552753811.5762346,745,0.007206439971923828
1552754245.3176756,750,0.005404233932495117
1552754681.5761175,755,0.01127701997756958
1552755118.8945925,760,0.006209611892700195
1552755991.1647499,770,0.005689024925231934
1552756423.4632761,775,0.008197426795959473
1552756861.3019767,780,0.006449282169342041
1552757730.6906955,790,0.005728185176849365
1552758164.74194,795,0.0075415074825286865
1552758599.5805519,800,0.0067882537841796875
1552759466.7672553,810,0.006640374660491943
1552759900.9197106,815,0.005447596311569214
1552760769.4356725,825,0.008544594049453735
1552761204.055538,830,0.006489753723144531
1552762071.9939637,840,0.006843775510787964
1552762509.2736723,845,0.006448149681091309
1552762945.4543743,850,0.005378842353820801
1552763819.1681426,860,0.008312463760375977
1552764255.3513684,865,0.007937639951705933
1552764691.5968432,870,0.009007811546325684
1552765563.0214336,880,0.005179673433303833
1552765999.052915,885,0.006303936243057251
1552766433.7957263,890,0.005285799503326416
1552766871.9695191,895,0.0057159364223480225
1552767744.2189384,905,0.005297064781188965
1552768179.4449048,910,0.007853060960769653
1552768615.5813308,915,0.007737904787063599
1552769049.2241533,920,0.006327629089355469
1552769485.2346222,925,0.00730094313621521
1552769919.8223953,930,0.007352381944656372
1552770356.3835907,935,0.006085097789764404
1552770791.7597733,940,0.007186621427536011
1552771226.868496,945,0.005402982234954834
1552772096.3108702,955,0.0065406858921051025
1552772531.9547286,960,0.00705757737159729
1552773835.3921328,975,0.005839139223098755
1552775573.1938703,995,0.005328387022018433
1552776007.5749006,1000,0.005928665399551392
1552777311.7709367,1015,0.006227254867553711
1552777747.6480067,1020,0.008283913135528564
1552778618.6406813,1030,0.006023049354553223
1552779053.4837544,1035,0.006996631622314453
1552779492.4608655,1040,0.007919996976852417
1552779926.2629306,1045,0.006546288728713989
1552780363.7516718,1050,0.0059569478034973145
1552781672.21386,1065,0.007634580135345459
1552782106.1845465,1070,0.006804972887039185
1552782539.809333,1075,0.009477466344833374
1552782974.5320854,1080,0.009825527667999268
1552784280.12814,1095,0.009627968072891235
1552784714.57457,1100,0.009394973516464233
1552785149.9761364,1105,0.005986720323562622
1552785585.7063613,1110,0.0064456164836883545
1552786023.1830115,1115,0.006942540407180786
1552786458.0397863,1120,0.006934672594070435
1552787327.595649,1130,0.006855994462966919
1552787764.7230263,1135,0.009987890720367432
1552788199.4962819,1140,0.0077238380908966064
1552789070.373169,1150,0.00812232494354248
1552789505.9669948,1155,0.005717605352401733
1552789939.1331577,1160,0.0076465904712677
1552790372.5599332,1165,0.005839526653289795
1552790808.7087462,1170,0.007235914468765259
1552791244.8573065,1175,0.00866776704788208
1552791682.2382061,1180,0.007208704948425293
1552792555.274261,1190,0.007901608943939209
1552792990.9200397,1195,0.007394641637802124
1552793859.8344386,1205,0.007746905088424683
1552794294.3267386,1210,0.008022606372833252
1552794729.6534877,1215,0.008110493421554565
1552795601.9109666,1225,0.008051097393035889
1552796036.4621222,1230,0.008564025163650513
1552796472.424194,1235,0.007784664630889893
1552796907.8868937,1240,0.007799774408340454
1552797342.979971,1245,0.008129000663757324
1552797779.1809962,1250,0.007639259099960327
1552798214.098766,1255,0.006810098886489868
1552798649.4413161,1260,0.009033948183059692
1552799086.4863799,1265,0.006959676742553711
1552799521.6504078,1270,0.006765574216842651
1552800392.9975867,1280,0.009105503559112549
1552801702.506729,1295,0.007408589124679565
1552802139.7016122,1300,0.008141189813613892
1552802575.849739,1305,0.0071523189544677734
1552803012.5361016,1310,0.008040934801101685
1552803883.9089675,1320,0.0068877339363098145
1552804755.5474555,1330,0.0089397132396698
1552805626.8838885,1340,0.008541971445083618
1552806497.8115792,1350,0.0077932775020599365
1552807369.7775743,1360,0.009516865015029907
1552807806.9141889,1365,0.008270591497421265
1552808242.8647304,1370,0.012454390525817871
1552808682.0645099,1375,0.008003294467926025
1552809118.587589,1380,0.008946835994720459
1552809989.5300822,1390,0.008056819438934326
1552810426.1342807,1395,0.0090160071849823
1552810867.3203313,1400,0.008299320936203003
1552811307.6612298,1405,0.00806349515914917
1552811751.6905255,1410,0.008728951215744019
1552812195.5035963,1415,0.008327633142471313
1552812639.6978106,1420,0.009067565202713013
1552813081.9080305,1425,0.007362455129623413
1552815301.8686295,1450,0.008135974407196045
1552816181.3642867,1460,0.00775560736656189
1552816624.0543542,1465,0.007554918527603149
1552817510.7211797,1475,0.009475946426391602
1552817954.1732454,1480,0.008964896202087402
1552818397.144381,1485,0.014380037784576416
1552818841.5280435,1490,0.010051041841506958
1552819286.05421,1495,0.00849798321723938
1552819727.9687755,1500,0.006220191717147827
1552820171.8309834,1505,0.007970631122589111
1552820614.4219024,1510,0.007435917854309082
1552821058.6162205,1515,0.00793716311454773
1552821501.8466094,1520,0.00726395845413208
1552823271.8714259,1540,0.0076538026332855225
1552823713.1953447,1545,0.006530016660690308
1552824598.285642,1555,0.008176714181900024
1552825923.1221306,1570,0.00897565484046936
1552826364.6196342,1575,0.009059280157089233
1552827250.0342572,1585,0.011816412210464478
1552827693.2491837,1590,0.008422404527664185
1552828134.4486523,1595,0.008650630712509155
1552828580.0434768,1600,0.009198546409606934
1552829022.294389,1605,0.008025646209716797
1552829907.4248455,1615,0.008564412593841553
1552830350.4985468,1620,0.009586870670318604
1552830793.9346712,1625,0.008859395980834961
1552831236.652422,1630,0.009958326816558838
1552831682.8069487,1635,0.00963503122329712
1552832123.693604,1640,0.008284270763397217
1552832567.07046,1645,0.008558720350265503
1552833451.410938,1655,0.007504671812057495
1552833890.7981966,1660,0.009050816297531128
1552834778.102651,1670,0.008518874645233154
1552835663.628989,1680,0.009598463773727417
1552836544.840493,1690,0.009502530097961426
1552837429.0120766,1700,0.0082913339138031
1552837869.9356937,1705,0.0087948739528656
1552838310.833036,1710,0.0096893310546875
1552838753.0993917,1715,0.00834706425666809
1552839195.316212,1720,0.007944762706756592
1552839637.0587692,1725,0.00852099061012268
1552840077.2138727,1730,0.008053600788116455
1552840518.214564,1735,0.007667839527130127
1552840960.6008651,1740,0.008599638938903809
1552841402.1275227,1745,0.008013755083084106
1552841843.0683699,1750,0.009441345930099487
1552842283.7452555,1755,0.010024458169937134
1552842729.9525611,1760,0.009172290563583374
1552843172.4301286,1765,0.009101778268814087
1552843615.550459,1770,0.007741063833236694
1552844057.7764885,1775,0.009986579418182373
1552844942.6035755,1785,0.0092410147190094
1552845833.4208744,1795,0.009192734956741333
1552846273.4359226,1800,0.01055210828781128
1552846715.3702784,1805,0.009545981884002686
1552847158.9726243,1810,0.007538467645645142
1552847603.1000557,1815,0.007061511278152466
1552848044.9848607,1820,0.007462561130523682
1552848487.7567208,1825,0.009068995714187622
1552848928.3773215,1830,0.00848466157913208
1552849371.2897637,1835,0.008033275604248047
1552849812.7471988,1840,0.008552640676498413
1552850255.704539,1845,0.007767409086227417
1552851139.4785168,1855,0.007484704256057739
1552851580.9231603,1860,0.009618818759918213
1552852461.4441402,1870,0.009366482496261597
1552853345.8042629,1880,0.00828900933265686
1552853786.695761,1885,0.007691502571105957
1552854227.3966708,1890,0.00711899995803833
1552854668.9214718,1895,0.0069290101528167725
1552855111.663584,1900,0.008548080921173096
1552855994.9571047,1910,0.007002502679824829
1552856436.6336524,1915,0.007593065500259399
1552857318.478737,1925,0.008712619543075562
1552857762.1351035,1930,0.009161174297332764
1552858205.9441743,1935,0.008052051067352295
1552858648.1757455,1940,0.008386403322219849
1552859092.4885616,1945,0.009687364101409912
1552859977.4607916,1955,0.007717043161392212
1552860419.5369337,1960,0.009324818849563599
1552860862.846759,1965,0.007558077573776245
1552861304.1923783,1970,0.008314043283462524
1552862630.0908809,1985,0.00824052095413208
1552863511.2392488,1995,0.009331196546554565
1552863954.5023067,2000,0.007794708013534546
1552864841.802395,2010,0.008410930633544922
1552865282.5652025,2015,0.008199453353881836
1552865725.775058,2020,0.01045912504196167
1552866611.8404057,2030,0.007612705230712891
1552867053.5144453,2035,0.009711235761642456
1552867938.4973087,2045,0.008612960577011108
1552868824.687919,2055,0.008269459009170532
1552871033.4095156,2080,0.009394824504852295
1552871472.849915,2085,0.006910771131515503
1552872793.1518753,2100,0.007555156946182251
1552873236.5536983,2105,0.007143944501876831
1552873679.1996377,2110,0.008601993322372437
1552874122.874894,2115,0.008479297161102295
1552874565.0568461,2120,0.007590502500534058
1552875009.770529,2125,0.008553147315979004
1552875896.7735367,2135,0.008102506399154663
1552876786.0838995,2145,0.008645623922348022
1552877670.918402,2155,0.00791969895362854
1552878558.148999,2165,0.008406847715377808
1552879886.8953109,2180,0.00882384181022644
1552880327.12088,2185,0.008825689554214478
1552881211.607519,2195,0.008429110050201416
1552881653.953892,2200,0.00914222002029419
1552882095.781076,2205,0.008521795272827148
1552882539.8579848,2210,0.008892863988876343
1552882982.3278606,2215,0.008674442768096924
1552883865.9372792,2225,0.009342730045318604
1552884305.378615,2230,0.009858518838882446
1552884748.0430064,2235,0.009973496198654175
1552885191.5061293,2240,0.007518470287322998
1552885635.8074465,2245,0.008418917655944824
1552886075.776441,2250,0.008481591939926147
1552886518.6317673,2255,0.008838802576065063
1552886964.242066,2260,0.008773505687713623
1552887405.827018,2265,0.009452074766159058
1552888293.9946997,2275,0.009104132652282715
1552888738.2331653,2280,0.010171353816986084
1552889625.5410562,2290,0.009300857782363892
1552890069.0184634,2295,0.0070854127407073975
1552890513.0708961,2300,0.008230417966842651
1552890956.2525868,2305,0.0074419379234313965
1552891398.6014144,2310,0.007630705833435059
1552891840.838711,2315,0.009609192609786987
1552892281.6030586,2320,0.009903669357299805
1552892726.6242588,2325,0.00954824686050415
1552893168.9877572,2330,0.00951656699180603
1552893611.2438605,2335,0.008681446313858032
1552894052.8151467,2340,0.01001933217048645
1552894496.7778623,2345,0.008195102214813232
1552894937.1546037,2350,0.008907467126846313
1552895379.3317773,2355,0.00758516788482666
1552895822.8311872,2360,0.009821265935897827
1552896267.401594,2365,0.009167909622192383
1552896712.496431,2370,0.008830428123474121
1552897155.4347768,2375,0.009201020002365112
1552898485.0583873,2390,0.009967654943466187
1552898924.876026,2395,0.00874432921409607
1552900700.1549666,2415,0.008364856243133545
1552902025.898336,2430,0.008415579795837402
1552902466.787123,2435,0.007971793413162231
1552902909.5880764,2440,0.009716570377349854
1552903349.5741458,2445,0.0075556933879852295
1552903790.0994003,2450,0.008300453424453735
1552904672.7038894,2460,0.00865858793258667
1552905114.2556555,2465,0.00661468505859375
1552905557.9174051,2470,0.008944571018218994
1552906883.427332,2485,0.004224866628646851
1552907325.399319,2490,0.007713735103607178
1552908211.624785,2500,0.008502662181854248
1552909984.1438754,2520,0.00971144437789917
1552910431.6570165,2525,0.008153736591339111
1552911316.5094416,2535,0.007001280784606934
1552911760.60365,2540,0.008436739444732666
1552912207.1606514,2545,0.007417142391204834
1552912648.4861631,2550,0.009260237216949463
1552913089.6273797,2555,0.008083313703536987
1552913532.3304372,2560,0.008459419012069702
1552913976.1321805,2565,0.00835224986076355
1552914862.553691,2575,0.007935523986816406
1552915306.5729313,2580,0.008172720670700073
1552915748.5936036,2585,0.008602648973464966
1552916191.5041244,2590,0.009120076894760132
1552916633.9227052,2595,0.009994089603424072
1552917075.908268,2600,0.010782331228256226
1552917517.0279613,2605,0.010041683912277222
1552918844.291226,2620,0.0093899667263031
1552919286.126365,2625,0.009057700634002686
1552919728.3550203,2630,0.009019970893859863
1552922377.532397,2660,0.008413046598434448
1552923263.0955873,2670,0.008281171321868896
1552923705.5710065,2675,0.0056556761264801025
1552924145.841989,2680,0.008722782135009766
1552924587.4859793,2685,0.011118590831756592
1552925033.4464467,2690,0.008602917194366455
1552925477.1448073,2695,0.009718596935272217
1552925918.8474698,2700,0.008819043636322021
1552926363.9123197,2705,0.007882356643676758
1552926804.4745796,2710,0.008833497762680054
1552927247.6313732,2715,0.008967489004135132
1552927689.3425875,2720,0.013080716133117676
1552928131.9609594,2725,0.009105443954467773
1552928573.165657,2730,0.00999423861503601
1552929014.6912918,2735,0.007122248411178589
1552929459.3851116,2740,0.010453730821609497
1552929900.4063952,2745,0.010853588581085205
1552930345.0104845,2750,0.009588569402694702
1552931231.0147886,2760,0.009417623281478882
1552931674.019309,2765,0.008594036102294922
1552932120.9621108,2770,0.009490936994552612
1552933009.4330509,2780,0.00792992115020752
1552933895.7549248,2790,0.00950402021408081
1552934785.466153,2800,0.008656710386276245
1552935226.6471531,2805,0.009016066789627075
1552935669.8321507,2810,0.01083257794380188
1552936550.8928547,2820,0.008708864450454712
1552936992.7992857,2825,0.009181678295135498
1552937437.6766026,2830,0.00940006971359253
1552938321.2989452,2840,0.009225338697433472
1552938766.0401118,2845,0.009002208709716797
1552939205.636057,2850,0.008389890193939209
1552939649.1646528,2855,0.009056955575942993
1552940093.676583,2860,0.009614706039428711
1552940537.5152493,2865,0.008687019348144531
1552940981.922675,2870,0.00885578989982605
1552941426.8865013,2875,0.009099751710891724
1552942315.8466122,2885,0.008379101753234863
1552942758.5027518,2890,0.009702831506729126
1552943201.0096173,2895,0.009112000465393066
1552943643.6753514,2900,0.008697479963302612
1552944085.6338122,2905,0.008225351572036743
1552944526.9668715,2910,0.009061664342880249
1552944969.9030137,2915,0.008930414915084839
1552945410.430263,2920,0.009243756532669067
1552945853.4959257,2925,0.009513169527053833
1552946294.8177679,2930,0.008553624153137207
1552946736.8239415,2935,0.01021045446395874
1552947179.3956664,2940,0.00800234079360962
1552947623.123447,2945,0.008338004350662231
1552948066.8188336,2950,0.008384734392166138
1552948952.4137144,2960,0.008405208587646484
1552949393.5632079,2965,0.008270263671875
1552949837.6625814,2970,0.007862299680709839
1552950720.4339902,2980,0.00823056697845459
1552951164.6193063,2985,0.007668256759643555
1552951607.9341621,2990,0.00803840160369873
1552952052.4656997,2995,0.008691668510437012
1552952944.543096,3005,0.00953713059425354
1552953388.459185,3010,0.009242087602615356
1552953828.9535413,3015,0.008744120597839355
1552954270.979521,3020,0.008991271257400513
1552954714.0592344,3025,0.009097069501876831
1552955156.795702,3030,0.010076373815536499
1552955601.3310792,3035,0.009008795022964478
1552956487.307425,3045,0.010111719369888306
1552957374.2912245,3055,0.010572165250778198
1552957816.5715044,3060,0.009947925806045532
1552958258.2938995,3065,0.008959710597991943
1552959581.9475377,3080,0.008660316467285156
1552961351.780985,3100,0.008693814277648926
1552961794.7059503,3105,0.008350789546966553
1552962235.6141212,3110,0.00972852110862732
1552962680.1596005,3115,0.010029107332229614
1552963123.0546155,3120,0.008809864521026611
1552963565.2542737,3125,0.007599622011184692
1552964008.6136556,3130,0.009174466133117676
1552964452.316525,3135,0.010425060987472534
1552965778.577569,3150,0.010095745325088501
1552966220.5849173,3155,0.00857090950012207
1552966665.699017,3160,0.009575724601745605
1552967107.870264,3165,0.009580641984939575
1552967994.4025607,3175,0.008459001779556274
1552968438.8797498,3180,0.011591911315917969
1552968884.186274,3185,0.009851992130279541
1552969767.9446015,3195,0.008872836828231812
1552970211.1686244,3200,0.008758842945098877
1552970654.9109278,3205,0.009967237710952759
1552971098.463685,3210,0.008208930492401123
1552971542.0348341,3215,0.009512990713119507
1552971986.710388,3220,0.008654356002807617
1552972429.765602,3225,0.008257240056991577
1552972872.652456,3230,0.009230703115463257
1552973315.0971663,3235,0.010787814855575562
1552973759.800377,3240,0.009941071271896362
1552974203.229607,3245,0.010229676961898804
1552974645.2896457,3250,0.01064196228981018
1552975088.552357,3255,0.004869431257247925
1552975531.7777805,3260,0.008215337991714478
1552975975.5068145,3265,0.008876770734786987
1552976418.590909,3270,0.008978992700576782
1552977751.0245702,3285,0.010088324546813965
1552978198.773545,3290,0.009040534496307373
1552979086.8843546,3300,0.008430421352386475
1552979975.7199929,3310,0.008773446083068848
1552980421.3994906,3315,0.009250789880752563
1552980863.7977662,3320,0.008931845426559448
1552981311.7894213,3325,0.008958011865615845
1552981755.5573757,3330,0.007972240447998047
1552982199.3162675,3335,0.00896596908569336
1552982640.490409,3340,0.00881543755531311
1552983086.154752,3345,0.009217649698257446
1552983529.185146,3350,0.008317410945892334
1552984415.5362365,3360,0.007853537797927856
1552984859.486744,3365,0.009122371673583984
1552985300.5148942,3370,0.011001944541931152
1552985745.4402,3375,0.009514480829238892
1552986190.2254972,3380,0.010282576084136963
1552987076.8781972,3390,0.01005372405052185
1552987519.1646762,3395,0.009858518838882446
1552987960.1543057,3400,0.010520458221435547
1552988402.5382378,3405,0.009883254766464233
1552988843.8599925,3410,0.009550392627716064
1552989286.8292499,3415,0.008434146642684937
1552989731.4285505,3420,0.00909513235092163
1552990173.529596,3425,0.008343487977981567
1552990617.7087123,3430,0.009656310081481934
1552991060.3166156,3435,0.009393572807312012
1552991503.0129566,3440,0.009259670972824097
1552991942.0230124,3445,0.01034805178642273
1552992385.4555738,3450,0.010295957326889038
1552993713.45,3465,0.008041828870773315
1552994596.2164857,3475,0.009400367736816406
1552995481.9281642,3485,0.00910291075706482
1552996812.9645844,3500,0.011122256517410278
1552997255.5213723,3505,0.00918164849281311
1552997697.7461233,3510,0.006098657846450806
1552998141.0202641,3515,0.009042978286743164
1552998584.647406,3520,0.008655786514282227
1552999027.1045573,3525,0.00943729281425476
1552999470.3228838,3530,0.007441878318786621
1552999914.110336,3535,0.008228838443756104
1553000354.6240523,3540,0.009127169847488403
1553000798.3205826,3545,0.008329302072525024
1553001239.0493546,3550,0.008299171924591064
1553001681.9643679,3555,0.009033262729644775
1553002125.0346518,3560,0.008495569229125977
1553003451.9845774,3575,0.009392857551574707
1553003893.9025586,3580,0.009753435850143433
1553004335.1195345,3585,0.008253812789916992
1553005223.8992755,3595,0.009227216243743896
1553005666.839587,3600,0.009817421436309814
1553006556.4371831,3610,0.009167224168777466
1553006997.996979,3615,0.008316487073898315
1553007438.1531913,3620,0.003627777099609375
1553007879.41386,3625,0.008501797914505005
1553008322.7607622,3630,0.009177625179290771
1553008764.3611343,3635,0.009527474641799927
1553010092.8431673,3650,0.009215831756591797
1553010535.1689785,3655,0.0073454976081848145
1553010976.625688,3660,0.009814471006393433
1553012748.6772027,3680,0.00842246413230896
1553013192.405185,3685,0.008502304553985596
1553014078.0760977,3695,0.009161263704299927
1553014518.6867127,3700,0.010033190250396729
1553014964.0249393,3705,0.010151863098144531
1553015406.3287363,3710,0.009670346975326538
1553015848.6251023,3715,0.008762925863265991
1553016293.185307,3720,0.009335875511169434
1553016734.2753232,3725,0.010078191757202148
1553017176.9426901,3730,0.008421272039413452
1553017618.9766672,3735,0.009370118379592896
1553018061.0486453,3740,0.007077515125274658
1553018949.5518074,3750,0.007877975702285767
1553019394.235873,3755,0.00785401463508606
1553019837.5156279,3760,0.010060518980026245
1553020283.0393097,3765,0.009326279163360596
1553020725.8052194,3770,0.009022563695907593
1553021169.214426,3775,0.007477372884750366
1553021611.9424584,3780,0.009276390075683594
1553022063.3171663,3785,0.006787389516830444
1553023429.428114,3800,0.0069983601570129395
1553023884.6511347,3805,0.009020507335662842
1553024795.9532914,3815,0.010046333074569702
1553025249.5956135,3820,0.009098798036575317
1553025705.7149818,3825,0.00977376103401184
1553026160.6981525,3830,0.008103817701339722
1553026613.4380395,3835,0.009860485792160034
1553027064.5056274,3840,0.009573042392730713
1553027967.666895,3850,0.009813874959945679
1553028414.1639116,3855,0.008394718170166016
1553028857.8702028,3860,0.006687790155410767
1553029301.8124273,3865,0.009827286005020142
1553029746.041609,3870,0.009680002927780151
1553030188.3419812,3875,0.008879274129867554
1553030630.6680162,3880,0.009284108877182007
1553031073.5959504,3885,0.008794963359832764
1553032404.0694256,3900,0.007507115602493286
1553032847.7340178,3905,0.008990883827209473
1553033731.2374303,3915,0.009258002042770386
1553034174.0559967,3920,0.009760349988937378
1553034616.7601461,3925,0.008463293313980103
1553035058.3819122,3930,0.008443325757980347
1553035942.6486678,3940,0.010805726051330566
1553036828.7483745,3950,0.009160161018371582
1553037271.2967484,3955,0.008396744728088379
1553037713.441246,3960,0.007637709379196167
1553038155.5744002,3965,0.009422153234481812
1553038598.23322,3970,0.00881868600845337
1553039042.966403,3975,0.009870588779449463
1553039483.69361,3980,0.009929120540618896
1553039926.3527045,3985,0.009078145027160645
1553040811.0974982,3995,0.009146451950073242
1553041253.2386398,4000,0.008940935134887695
1553041697.1495821,4005,0.00898858904838562
1553042584.190263,4015,0.007368624210357666
1553043467.2997653,4025,0.00963747501373291
1553043911.9049602,4030,0.00932803750038147
1553044356.3572235,4035,0.0089455246925354
1553044799.093996,4040,0.009092330932617188
1553045241.8541033,4045,0.009066611528396606
1553045683.3485541,4050,0.008946508169174194
1553046568.3171995,4060,0.009700894355773926
1553047010.040108,4065,0.009931415319442749
1553047450.6760914,4070,0.008612304925918579
1553047891.4334466,4075,0.010049223899841309
1553048330.9997466,4080,0.008803576231002808
1553048774.0630364,4085,0.008198708295822144
1553049657.5585732,4095,0.010627716779708862
1553050982.1374142,4110,0.008690476417541504
1553051870.7263546,4120,0.00898200273513794
1553052313.342828,4125,0.008801490068435669
1553052754.226344,4130,0.00883626937866211
1553054085.0826907,4145,0.009832799434661865
1553054526.6254206,4150,0.010339945554733276
1553055411.03482,4160,0.010100096464157104
1553055853.5641484,4165,0.010663032531738281
1553056737.288761,4175,0.009326308965682983
1553057181.5695076,4180,0.009588867425918579
1553057626.3278654,4185,0.00847703218460083
1553058070.5507014,4190,0.010625302791595459
1553058510.4956012,4195,0.009685397148132324
1553058955.1392374,4200,0.010297238826751709
1553060283.176468,4215,0.0095863938331604
1553060725.8560934,4220,0.010763168334960938
1553061609.2401557,4230,0.009709060192108154
1553062054.0823145,4235,0.009367704391479492
1553062498.0223079,4240,0.009723186492919922
1553062940.335247,4245,0.010171651840209961
1553063824.1242316,4255,0.008915811777114868
1553064268.0420659,4260,0.009113699197769165
1553064711.9740527,4265,0.010246634483337402
1553065151.6163073,4270,0.010208368301391602
1553066035.692783,4280,0.00902855396270752
1553066920.017633,4290,0.009117722511291504
1553067806.6433165,4300,0.009574532508850098
1553068250.781268,4305,0.008281439542770386
1553068694.0571947,4310,0.009486019611358643
1553069134.4035423,4315,0.008198291063308716
1553069574.8536692,4320,0.009296625852584839
1553071344.288194,4340,0.009031683206558228
1553071785.3405418,4345,0.00997692346572876
1553072228.364128,4350,0.009024441242218018
1553072671.579663,4355,0.011028707027435303
1553073113.703074,4360,0.009483754634857178
1553073995.627256,4370,0.010443061590194702
1553074437.48711,4375,0.010102450847625732
1553074882.132484,4380,0.009812414646148682
1553075323.9962053,4385,0.009845137596130371
1553075766.3235877,4390,0.010456323623657227
1553076210.0981896,4395,0.008740156888961792
1553076653.4016345,4400,0.007824510335922241
1553077095.7006693,4405,0.00922057032585144
1553077537.0884855,4410,0.009473264217376709
1553077980.0576222,4415,0.009643107652664185
1553078867.7199175,4425,0.009745121002197266
1553079310.5029814,4430,0.010122299194335938
1553079754.9312887,4435,0.009657829999923706
1553080196.3215625,4440,0.008903831243515015
1553080638.9739573,4445,0.008534491062164307
1553081079.9560256,4450,0.010097265243530273
1553081522.2586806,4455,0.008240073919296265
1553082407.1476467,4465,0.009711205959320068
1553082849.8714173,4470,0.008693784475326538
1553083294.198054,4475,0.010121285915374756
1553083734.60447,4480,0.008985668420791626
1553084177.649577,4485,0.010798543691635132
1553084620.6254134,4490,0.009720146656036377
1553085504.850592,4500,0.009864985942840576
1553085945.6681113,4505,0.01006406545639038
1553087716.8513834,4525,0.00911441445350647
1553088159.181719,4530,0.009871840476989746
1553089042.7742982,4540,0.008396625518798828
1553089485.6986804,4545,0.009690046310424805
1553089927.7185597,4550,0.010340183973312378
1553090370.0349832,4555,0.01068955659866333
1553090814.0944974,4560,0.008691847324371338
1553091255.422061,4565,0.007165759801864624
1553091699.9071403,4570,0.009859293699264526
1553092583.6955645,4580,0.009693026542663574
1553093025.9623754,4585,0.009384006261825562
1553093466.7196507,4590,0.010210543870925903
1553093910.8666317,4595,0.009462863206863403
1553094799.0308526,4605,0.009776383638381958
1553095241.3910246,4610,0.008979707956314087
1553095687.6501982,4615,0.009792506694793701
1553096131.1149218,4620,0.009189069271087646
1553096574.3606126,4625,0.00872725248336792
1553097020.0632277,4630,0.010116875171661377
1553097904.5572963,4640,0.00883975625038147
1553098348.445041,4645,0.00842633843421936
1553099232.2653158,4655,0.008261322975158691
1553099675.0744603,4660,0.008587479591369629
1553100118.029643,4665,0.008293122053146362
1553100560.6572874,4670,0.009669601917266846
1553101004.8543816,4675,0.010342240333557129
1553101448.4530551,4680,0.009246021509170532
1553102338.019614,4690,0.009071171283721924
1553103229.3928382,4700,0.00976303219795227
1553104560.546836,4715,0.008173048496246338
1553105001.066661,4720,0.009799778461456299
1553105444.8290417,4725,0.008929997682571411
1553105891.1926,4730,0.010001987218856812
1553106776.593757,4740,0.010073363780975342
1553107219.2340868,4745,0.009108543395996094
1553107661.1540406,4750,0.009693413972854614
1553108548.1059663,4760,0.01023852825164795
1553108988.911478,4765,0.006624162197113037
1553109430.835141,4770,0.009921610355377197
1553109872.6926908,4775,0.011110037565231323
1553110757.2119074,4785,0.009486377239227295
1553111201.1621075,4790,0.010606080293655396
1553111643.712747,4795,0.009717613458633423
1553112086.258327,4800,0.010698765516281128
1553112532.0990987,4805,0.008307814598083496
1553112973.8351254,4810,0.009018272161483765
1553113417.6764712,4815,0.00556531548500061
1553113859.0918686,4820,0.010052800178527832
1553114302.5360725,4825,0.009153485298156738
1553115189.1112285,4835,0.009553879499435425
1553115633.9137425,4840,0.009539961814880371
1553116524.6644225,4850,0.010018765926361084
1553117411.0924919,4860,0.0089493989944458
1553117854.5807927,4865,0.00921294093132019
1553118738.6408513,4875,0.008256316184997559
1553119623.0393836,4885,0.009988784790039062
1553120066.685431,4890,0.010176420211791992
1553120508.8318691,4895,0.01000910997390747
1553120951.3807867,4900,0.006489604711532593
1553122278.518821,4915,0.010250300168991089
1553122724.57763,4920,0.007527202367782593
1553123166.2777166,4925,0.009444713592529297
1553123611.4933197,4930,0.00951153039932251
1553124497.5809855,4940,0.009714245796203613
1553124941.3484402,4945,0.010441482067108154
1553125387.2461855,4950,0.00949639081954956
1553125828.9762614,4955,0.009037166833877563
1553126270.8938599,4960,0.010095864534378052
1553127607.5521882,4975,0.009139537811279297
1553128498.807973,4985,0.009460270404815674
1553128945.159817,4990,0.009904175996780396
1553129825.7155995,5000,0.00936657190322876
1553130268.6908731,5005,0.00822073221206665
1553131149.7341034,5015,0.009547919034957886
1553131594.1125286,5020,0.011482000350952148
1553132036.835115,5025,0.010538816452026367
1553132480.551067,5030,0.009023606777191162
1553133368.8764565,5040,0.009089380502700806
1553133814.1933143,5045,0.009907782077789307
1553134258.0176725,5050,0.009104728698730469
1553135146.305923,5060,0.009873360395431519
1553135588.6586573,5065,0.007743149995803833
1553136032.6218612,5070,0.009571313858032227
1553136477.6014142,5075,0.009250789880752563
1553137362.812087,5085,0.010274291038513184
1553137803.419086,5090,0.007571041584014893
1553138691.785907,5100,0.008069604635238647
1553139576.310233,5110,0.00951644778251648
1553140021.5784817,5115,0.009898453950881958
1553140911.361786,5125,0.009306341409683228
1553141353.5639012,5130,0.0075225830078125
1553141796.8568037,5135,0.010481595993041992
1553142239.9323347,5140,0.008493959903717041
1553143132.449637,5150,0.011154204607009888
1553144022.1520052,5160,0.009508639574050903
1553144466.6763885,5165,0.009099006652832031
1553144910.112799,5170,0.010406047105789185
1553145356.6227725,5175,0.008749008178710938
1553145804.0243108,5180,0.009315073490142822
1553146248.3315485,5185,0.00996503233909607
1553146690.8616686,5190,0.010993123054504395
1553147133.204883,5195,0.010939747095108032
1553147576.1167586,5200,0.009219229221343994
1553148020.905844,5205,0.008895635604858398
1553148905.4294727,5215,0.010377436876296997
1553149347.6790824,5220,0.009828269481658936
1553149787.941684,5225,0.01010248064994812
1553150230.916148,5230,0.009299218654632568
1553151551.710595,5245,0.009331554174423218
1553151994.3571582,5250,0.00975865125656128
1553152438.6526344,5255,0.010786473751068115
1553152882.943055,5260,0.009435534477233887
1553153325.2506166,5265,0.009943217039108276
1553154209.699459,5275,0.009343773126602173
1553154651.4383774,5280,0.01056605577468872
1553155096.2194808,5285,0.009599924087524414
1553155541.7345836,5290,0.009613752365112305
1553155983.8538337,5295,0.008728563785552979
1553158197.3162415,5320,0.008418738842010498
1553158640.105291,5325,0.007836788892745972
1553159082.9504719,5330,0.009687572717666626
1553159526.9729278,5335,0.009472638368606567
1553159967.5700142,5340,0.009545683860778809
1553160410.6028702,5345,0.0098954439163208
1553161297.009844,5355,0.009512215852737427
1553161742.4071853,5360,0.010019570589065552
1553162184.8753452,5365,0.008324295282363892
1553162626.3404617,5370,0.008775025606155396
1553163069.073152,5375,0.009118825197219849
1553163512.1891313,5380,0.010210603475570679
1553163954.3745458,5385,0.009155064821243286
1553164397.601145,5390,0.010255008935928345
1553164840.3828936,5395,0.009636491537094116
1553165283.432177,5400,0.010885655879974365
1553165725.9318404,5405,0.009717166423797607
1553166166.9652467,5410,0.009363263845443726
1553166609.2187562,5415,0.010698080062866211
1553167052.8981879,5420,0.009311765432357788
1553167494.657351,5425,0.01040533185005188
1553167938.1681945,5430,0.00927761197090149
1553168382.9416845,5435,0.009191781282424927
1553169273.0365014,5445,0.008702725172042847
1553170159.6695511,5455,0.00974777340888977
1553170603.9418747,5460,0.010012179613113403
1553171044.8835635,5465,0.009477585554122925
1553171488.7958927,5470,0.01026308536529541
1553171932.3071744,5475,0.010113656520843506
1553172821.0286639,5485,0.009489774703979492
1553173707.3328278,5495,0.009490013122558594
1553174151.3963695,5500,0.009565651416778564
1553175037.824005,5510,0.01012912392616272
1553175925.30256,5520,0.00931239128112793
1553176369.8611555,5525,0.009427368640899658
1553176814.4904473,5530,0.010359108448028564
1553177256.2281063,5535,0.009255945682525635
1553177701.0216281,5540,0.010169625282287598
1553179032.6467001,5555,0.009327530860900879
1553179474.304558,5560,0.01061701774597168
1553180798.665704,5575,0.010090082883834839
1553181243.702565,5580,0.009640157222747803
1553181686.80928,5585,0.008298426866531372
1553183015.4709995,5600,0.010399609804153442
1553183457.6523352,5605,0.010215073823928833
1553184344.2920609,5615,0.010442644357681274
1553184788.478923,5620,0.010099142789840698
1553185234.2651,5625,0.010563969612121582
1553185678.11788,5630,0.010015368461608887
1553186123.318327,5635,0.010308265686035156
1553186566.7074223,5640,0.010291755199432373
1553187010.2121832,5645,0.009565919637680054
1553187454.4037368,5650,0.008811146020889282
1553187900.1183064,5655,0.00971221923828125
1553188344.3903933,5660,0.009888708591461182
1553189230.8730433,5670,0.010355770587921143
1553189676.139032,5675,0.009377092123031616
1553190120.3313603,5680,0.009893268346786499
1553191457.835785,5695,0.010403960943222046
1553191901.674178,5700,0.009970486164093018
1553192344.5135808,5705,0.010821908712387085
1553192789.4634285,5710,0.010764598846435547
1553193235.63423,5715,0.00909319519996643
1553193680.1871278,5720,0.010281860828399658
1553194122.393238,5725,0.009904175996780396
1553195004.5279737,5735,0.009837448596954346
1553195446.3579545,5740,0.010065585374832153
1553196334.8993485,5750,0.00963863730430603
1553196776.906322,5755,0.010195344686508179
1553197221.117415,5760,0.009644955396652222
1553197664.4378674,5765,0.010543882846832275
1553198108.1513696,5770,0.010774314403533936
1553198548.7996075,5775,0.00990438461303711
1553198993.3168988,5780,0.009871870279312134
1553199433.7209826,5785,0.008555024862289429
1553199878.251549,5790,0.009821116924285889
1553200322.5303135,5795,0.010196834802627563
1553200766.987108,5800,0.009940177202224731
1553201209.3709562,5805,0.011707007884979248
1553201655.2296882,5810,0.01019468903541565
1553202097.79334,5815,0.010211706161499023
1553202985.589745,5825,0.010027945041656494
1553203431.1127975,5830,0.011149376630783081
1553203874.4834652,5835,0.010157138109207153
1553204319.1710198,5840,0.011254549026489258
1553205205.1140501,5850,0.01002955436706543
1553205648.039287,5855,0.00993373990058899
1553207426.6574304,5875,0.010327428579330444
1553208314.6914232,5885,0.010739326477050781
1553208757.9254966,5890,0.010238319635391235
1553209640.9808679,5900,0.010494142770767212
1553210085.2410233,5905,0.01001882553100586
1553210527.607805,5910,0.010755270719528198
1553210972.679531,5915,0.010376602411270142
1553211415.7420726,5920,0.010511815547943115
1553212302.207851,5930,0.009847432374954224
1553212746.6119437,5935,0.010997503995895386
1553213190.1048996,5940,0.010295867919921875
1553213635.530433,5945,0.00993397831916809
1553214079.1028125,5950,0.010604888200759888
1553214523.727931,5955,0.010167360305786133
1553214967.5770996,5960,0.01056477427482605
1553215412.626179,5965,0.010417938232421875
1553215857.8695617,5970,0.01051098108291626
1553216304.1595957,5975,0.010479867458343506
1553216747.291858,5980,0.010851681232452393
1553217192.8773174,5985,0.009495288133621216
1553217634.696224,5990,0.010056465864181519
1553218078.0758045,5995,0.009924143552780151
1553218521.3750076,6000,0.010101258754730225
1553218965.5566833,6005,0.01043468713760376
1553219409.974259,6010,0.01012071967124939
1553220297.0118816,6020,0.009957432746887207
1553220743.340823,6025,0.009352415800094604
1553221631.9295285,6035,0.01052197813987732
1553222076.7184825,6040,0.010081499814987183
1553222521.7309697,6045,0.011340349912643433
1553223408.1495826,6055,0.009728282690048218
1553223851.692633,6060,0.01006200909614563
1553224296.3849509,6065,0.009353667497634888
1553224739.061041,6070,0.009452849626541138
1553225180.9008315,6075,0.009474724531173706
1553225624.60802,6080,0.00984734296798706
1553226508.4436047,6090,0.009340822696685791
1553227391.5976098,6100,0.009515821933746338
1553228276.0997496,6110,0.009616315364837646
1553229610.5456805,6125,0.009273916482925415
1553230054.546222,6130,0.009953528642654419
1553230498.1049259,6135,0.009628623723983765
1553230939.6565351,6140,0.010383188724517822
1553231382.1499085,6145,0.011172324419021606
1553231826.6390302,6150,0.01117706298828125
1553232709.534565,6160,0.010590046644210815
1553233152.5640116,6165,0.011167973279953003
1553233595.4014099,6170,0.01007765531539917
1553234039.734168,6175,0.009869575500488281
1553234482.8734007,6180,0.010307520627975464
1553234923.4841344,6185,0.009426802396774292
1553235367.8185062,6190,0.010420024394989014
1553235813.4364116,6195,0.010513246059417725
1553236256.4031005,6200,0.010249018669128418
1553236701.6961284,6205,0.010313481092453003
1553237585.421542,6215,0.010384708642959595
1553238028.0133815,6220,0.009930074214935303
1553238470.1317916,6225,0.01123020052909851
1553239352.196307,6235,0.011308670043945312
1553239793.0644042,6240,0.011120021343231201
1553240238.6451085,6245,0.010726124048233032
1553240681.3510315,6250,0.009779810905456543
1553241124.29648,6255,0.011269927024841309
1553241566.489916,6260,0.009430527687072754
1553242009.3480692,6265,0.010305047035217285
1553242450.7638888,6270,0.01104658842086792
1553242893.5444381,6275,0.010678917169570923
1553243336.4696882,6280,0.00999113917350769
1553243779.8392851,6285,0.010137200355529785
1553244221.4694529,6290,0.010560840368270874
1553244663.0905488,6295,0.011417955160140991
1553245107.6478863,6300,0.011323362588882446
1553245988.9218297,6310,0.011415451765060425
1553246433.8499806,6315,0.009764432907104492
1553246876.2076023,6320,0.010399550199508667
1553247320.7700825,6325,0.01105654239654541
1553247764.0417104,6330,0.010145902633666992
1553248206.9915447,6335,0.01056930422782898
1553248649.7173717,6340,0.010427683591842651
1553249093.587269,6345,0.009809643030166626
1553249536.6308737,6350,0.009571254253387451
1553250423.5416763,6360,0.010415881872177124
1553250868.7216258,6365,0.010350286960601807
1553251758.0848649,6375,0.011044323444366455
1553253086.6649902,6390,0.011559218168258667
1553253528.762157,6395,0.010725855827331543
1553253971.8149688,6400,0.009816348552703857
1553254856.2854223,6410,0.010433405637741089
1553255296.317846,6415,0.00894320011138916
1553255738.4652882,6420,0.010517388582229614
1553256623.3588562,6430,0.011395812034606934
1553257508.0829034,6440,0.010545551776885986
1553257951.38966,6445,0.010826706886291504
1553258393.4700599,6450,0.010953158140182495
1553258841.2180994,6455,0.010858029127120972
1553259285.4431076,6460,0.010344624519348145
1553259729.8104897,6465,0.010298401117324829
1553260171.551302,6470,0.010774403810501099
1553260612.9010537,6475,0.009691745042800903
1553261500.851078,6485,0.011585980653762817
1553261945.251162,6490,0.010820597410202026
1553262388.973919,6495,0.011010468006134033
1553262830.829168,6500,0.01167944073677063
1553263271.6753755,6505,0.009098619222640991
1553264156.9380121,6515,0.010686695575714111
1553264599.0947936,6520,0.009255945682525635
1553265041.2894409,6525,0.01184225082397461
1553265931.1580782,6535,0.011116951704025269
1553266373.8473678,6540,0.010329127311706543
1553266814.9901624,6545,0.010757356882095337
1553267259.4420428,6550,0.010499835014343262
1553267700.3609219,6555,0.009113550186157227
1553268141.0633829,6560,0.010627329349517822
1553268579.956106,6565,0.010314702987670898
1553269018.0420232,6570,0.009577333927154541
1553269894.883484,6580,0.010099738836288452
1553270333.307971,6585,0.009776979684829712
1553270773.6565638,6590,0.010198742151260376
1553271216.376409,6595,0.009761065244674683
1553271657.0026708,6600,0.010766923427581787
1553272095.6760707,6605,0.010708779096603394
1553272537.398577,6610,0.011193275451660156
1553272976.3053274,6615,0.01083916425704956
